Workbook

Sheet Recap
A1: Avancement | B1: =detail!D2 -> 0

Sheet liste des taches
B1: Catégorie | C1: Module | D1: Nom page | E1: Description | F1: Type | G1: Estimation | H1: Temps passé | I1: Reste à faire | J1: Avancement | K1: Qui | L1: Status
B2: database | C2: BASE | D2: *** | E2: TABLE role | F2: table | G2: 1 | H2: =detail!B2 -> 1 | I2: =G2-H2 -> 0 | J2: =(H2/(H2+I2)) -> 1 | K2: tous | L2: OK
B3: database | C3: BASE | D3: *** | E3: TABLE genre | F3: table | G3: 1 | H3: =detail!B3 -> 1 | I3: =G3-H3 -> 0 | J3: =(H3/(H3+I3)) -> 1 | K3: tous | L3: OK
B4: database | C4: BASE | D4: *** | E4: TABLE users (login + profil...) | F4: table | G4: 1 | H4: =detail!B4 -> 1 | I4: =G4-H4 -> 0 | J4: =(H4/(H4+I4)) -> 1 | K4: tous | L4: OK
B5: database | C5: BASE | D5: *** | E5: TABLE objectif | F5: table | G5: 1 | H5: =detail!B5 -> 1 | I5: =G5-H5 -> 0 | J5: =(H5/(H5+I5)) -> 1 | K5: tous | L5: OK
B6: database | C6: BASE | D6: *** | E6: TABLE sante | F6: table | G6: 1 | H6: =detail!B6 -> 1 | I6: =G6-H6 -> 0 | J6: =(H6/(H6+I6)) -> 1 | K6: tous | L6: OK
B7: database | C7: BASE | D7: *** | E7: TABLE regime (+ colonnes %) | F7: table | G7: 1 | H7: =detail!B7 -> 1 | I7: =G7-H7 -> 0 | J7: =(H7/(H7+I7)) -> 1 | K7: tous | L7: OK
B8: database | C8: BASE | D8: *** | E8: TABLE activite_sportive | F8: table | G8: 1 | H8: =detail!B8 -> 1 | I8: =G8-H8 -> 0 | J8: =(H8/(H8+I8)) -> 1 | K8: tous | L8: OK
B9: database | C9: BASE | D9: *** | E9: TABLE wallet | F9: table | G9: 1 | H9: =detail!B9 -> 1 | I9: =G9-H9 -> 0 | J9: =(H9/(H9+I9)) -> 1 | K9: tous | L9: OK
B10: database | C10: BASE | D10: *** | E10: TABLE wallet_codes | F10: table | G10: 1 | H10: =detail!B10 -> 1 | I10: =G10-H10 -> 0 | J10: =(H10/(H10+I10)) -> 1 | K10: tous | L10: OK
B11: database | C11: BASE | D11: *** | E11: TABLE wallet_transactions | F11: table | G11: 1 | H11: =detail!B11 -> 1 | I11: =G11-H11 -> 0 | J11: =(H11/(H11+I11)) -> 1 | K11: tous | L11: OK
B12: database | C12: BASE | D12: *** | E12: TABLE user_regime | F12: table | G12: 1 | H12: =detail!B12 -> 1 | I12: =G12-H12 -> 0 | J12: =(H12/(H12+I12)) -> 1 | K12: tous | L12: OK
B13: database | C13: BASE | D13: *** | E13: TABLE parametres | F13: table | G13: 1 | H13: =detail!B13 -> 1 | I13: =G13-H13 -> 0 | J13: =(H13/(H13+I13)) -> 1 | K13: tous | L13: OK
... B68: web | C68: PDF | D68: Home.php | E68: Téléchargement PDF profil utilisateur | F68: feature | G68: 10 | H68: =detail!B68 -> 10 | I68: =G68-H68 -> 0 | J68: =(H68/(H68+I68)) -> 1 | K68: Harena | L68: OK

Sheet avancement projet
A1: estimation total | B1: temps passé total | C1: reste à faire total | D1: avancement | E1: dépassement
A2: =SUM('liste des taches'!G2:G329) -> 489 | B2: =SUM('liste des taches'!H2:H329) -> 489 | C2: =SUM('liste des taches'!I2:I329) -> 0 | D2: =(B2/(B2+C2)) -> 1 | E2: =((B2+C2)-A2)/A2 -> 0
C3: =C2/60 -> 0 | D3: heure

Sheet detail
B1: Total | C1: 46152
B2: =SUM(C2:P2) -> 1 | C2: 1
B3: =SUM(C3:P3) -> 1 | C3: 1
B4: =SUM(C4:P4) -> 1 | C4: 1
B5: =SUM(C5:P5) -> 1 | C5: 1
B6: =SUM(C6:P6) -> 1 | C6: 1
B7: =SUM(C7:P7) -> 1 | C7: 1
B8: =SUM(C8:P8) -> 1 | C8: 1
B9: =SUM(C9:P9) -> 1 | C9: 1
B10: =SUM(C10:P10) -> 1 | C10: 1
B11: =SUM(C11:P11) -> 1 | C11: 1
B12: =SUM(C12:P12) -> 1 | C12: 1
B13: =SUM(C13:P13) -> 1 | C13: 1
... B68: =SUM(C68:P68) -> 10 | C68: 10
